{
  "project_info": {
    "project_number": "104661936570",
    "project_id": "mobilproje-75ac9",
    "storage_bucket": "mobilproje-75ac9.appspot.com"
  },
  "client": [
    {
      "client_info": {
        "mobilesdk_app_id": "1:104661936570:android:1272d95e75bf22aa90d583",
        "android_client_info": {
          "package_name": "com.example.mobilproje"
        }
      },
      "oauth_client": [
        {
          "client_id": "104661936570-mi6ga1e2jf6bsaed6aj130p52pqm7082.apps.googleusercontent.com",
          "client_type": 3
        }
      ],
      "api_key": [
        {
          "current_key": "AIzaSyC0oD_DwlSSO1vsAUGg4IQLwrxGzLFfkxo"
        }
      ],
      "services": {
        "appinvite_service": {
          "other_platform_oauth_client": [
            {
              "client_id": "104661936570-mi6ga1e2jf6bsaed6aj130p52pqm7082.apps.googleusercontent.com",
              "client_type": 3
            }
          ]
        }
      }
    }
  ],
  "configuration_version": "1"
}